品牌,系列,品项,规格,包装
CoolCola,可乐系列,有糖可乐,500ml瓶装可乐,500ml瓶装可乐*12瓶
CoolCola,可乐系列,有糖可乐,500ml瓶装可乐,500ml瓶装可乐*24瓶
CoolCola,可乐系列,有糖可乐,350ml瓶装可乐,350ml瓶装可乐*12瓶
CoolCola,可乐系列,有糖可乐,350ml瓶装可乐,350ml瓶装可乐*24瓶
CoolCola,可乐系列,有糖可乐,300ml罐装可乐,300ml罐装可乐*12瓶
CoolCola,可乐系列,有糖可乐,300ml罐装可乐,300ml罐装可乐*24瓶
CoolCola,可乐系列,有糖可乐,1.5L瓶装可乐,1.5L瓶装可乐*6瓶
CoolCola,可乐系列,无糖可乐,500ml瓶装无糖可乐,500ml瓶装无糖可乐*12瓶
CoolCola,可乐系列,无糖可乐,500ml瓶装无糖可乐,500ml瓶装无糖可乐*24瓶
CoolCola,可乐系列,无糖可乐,350ml瓶装无糖可乐,350ml瓶装无糖可乐*12瓶
CoolCola,可乐系列,无糖可乐,350ml瓶装无糖可乐,350ml瓶装无糖可乐*24瓶
CoolCola,可乐系列,无糖可乐,300ml罐装无糖可乐,300ml罐装无糖可乐*12瓶
CoolCola,可乐系列,无糖可乐,300ml罐装无糖可乐,300ml罐装无糖可乐*24瓶
CoolCola,可乐系列,无糖可乐,1.5L瓶装无糖可乐,1.5L瓶装无糖可乐*6瓶
营养在线,花生牛奶系列,原味花生牛奶,500ml原味花生牛奶,500ml原味花生牛奶*12瓶
营养在线,花生牛奶系列,原味花生牛奶,500ml原味花生牛奶,500ml原味花生牛奶*24瓶
营养在线,花生牛奶系列,原味花生牛奶,250ml原味花生牛奶,250ml原味花生牛奶*12瓶
营养在线,花生牛奶系列,原味花生牛奶,250ml原味花生牛奶,250ml原味花生牛奶*24瓶
营养在线,花生牛奶系列,原味花生牛奶,1L花生牛奶,1L花生牛奶*8瓶
营养在线,花生牛奶系列,原味花生牛奶,1L花生牛奶,1L花生牛奶*12瓶
营养在线,花生牛奶系列,桂花花生牛奶,500ml桂花花生牛奶,500ml桂花花生牛奶*12瓶
营养在线,花生牛奶系列,桂花花生牛奶,500ml桂花花生牛奶,500ml桂花花生牛奶*24瓶
营养在线,花生牛奶系列,桂花花生牛奶,250ml桂花花生牛奶,250ml桂花花生牛奶*12瓶
营养在线,花生牛奶系列,桂花花生牛奶,250ml桂花花生牛奶,250ml桂花花生牛奶*24瓶
营养在线,花生牛奶系列,桂花花生牛奶,1L桂花花生牛奶,1L桂花花生牛奶*8瓶
营养在线,花生牛奶系列,桂花花生牛奶,1L桂花花生牛奶,1L桂花花生牛奶*12瓶
营养在线,粥系列,养生粥,350ml八宝粥,350ml八宝粥*6瓶
营养在线,粥系列,养生粥,350ml黑米粥,350ml黑米粥*6瓶
营养在线,粥系列,养生粥,350ml银耳粥,350ml银耳粥*6瓶
营养在线,粥系列,养生粥,350ml红米粥,350ml红米粥*6瓶
营养在线,豆奶系列,原味豆奶,250ml原味豆奶,250ml原味豆奶*12瓶
营养在线,豆奶系列,原味豆奶,250ml原味豆奶,250ml原味豆奶*24瓶
营养在线,豆奶系列,原味豆奶,350ml原味豆奶,350ml原味豆奶*12瓶
营养在线,豆奶系列,原味豆奶,350ml原味豆奶,350ml原味豆奶*24瓶
营养在线,豆奶系列,原味豆奶,1L原味豆奶,1L原味豆奶*8瓶
营养在线,豆奶系列,原味豆奶,1L原味豆奶,1L原味豆奶*12瓶
营养在线,豆奶系列,原味豆奶,1.5L原味豆奶,1.5L原味豆奶*6瓶
营养在线,豆奶系列,桂花豆奶,250ml桂花豆奶,250ml桂花豆奶*12瓶
营养在线,豆奶系列,桂花豆奶,250ml桂花豆奶,250ml桂花豆奶*24瓶
营养在线,豆奶系列,桂花豆奶,350ml桂花豆奶,350ml桂花豆奶*12瓶
营养在线,豆奶系列,桂花豆奶,350ml桂花豆奶,350ml桂花豆奶*24瓶
营养在线,豆奶系列,桂花豆奶,1L桂花豆奶,1L桂花豆奶*8瓶
营养在线,豆奶系列,桂花豆奶,1L桂花豆奶,1L桂花豆奶*12瓶
营养在线,豆奶系列,桂花豆奶,1.5L桂花豆奶,1.5L桂花豆奶*6瓶
营养在线,豆奶系列,有机豆奶,250ml有机豆奶,250ml有机豆奶*12瓶
营养在线,豆奶系列,有机豆奶,250ml有机豆奶,250ml有机豆奶*24瓶
营养在线,豆奶系列,有机豆奶,350ml有机豆奶,350ml有机豆奶*12瓶
营养在线,豆奶系列,有机豆奶,350ml有机豆奶,350ml有机豆奶*24瓶
营养在线,豆奶系列,有机豆奶,1L有机豆奶,1L有机豆奶*8瓶
营养在线,豆奶系列,有机豆奶,1L有机豆奶,1L有机豆奶*12瓶
营养在线,豆奶系列,有机豆奶,1.5L有机豆奶,1.5L有机豆奶*6瓶
中国好茶,茶饮料,绿茶饮料,300ml绿茶,300ml绿茶*12瓶
中国好茶,茶饮料,绿茶饮料,300ml绿茶,300ml绿茶*24瓶
中国好茶,茶饮料,绿茶饮料,500ml绿茶,500ml绿茶*12瓶
中国好茶,茶饮料,绿茶饮料,500ml绿茶,500ml绿茶*24瓶
中国好茶,茶饮料,绿茶饮料,680ml绿茶,680ml绿茶*8瓶
中国好茶,茶饮料,绿茶饮料,680ml绿茶,680ml绿茶*12瓶
中国好茶,茶饮料,红茶饮料,300ml红茶,300ml红茶*12瓶
中国好茶,茶饮料,红茶饮料,300ml红茶,300ml红茶*24瓶
中国好茶,茶饮料,红茶饮料,500ml红茶,500ml红茶*12瓶
中国好茶,茶饮料,红茶饮料,500ml红茶,500ml红茶*24瓶
中国好茶,茶饮料,红茶饮料,680ml红茶,680ml红茶*8瓶
中国好茶,茶饮料,红茶饮料,680ml红茶,680ml红茶*12瓶
中国好茶,无糖茶,无糖绿茶,300ml无糖绿茶,300ml无糖绿茶*12瓶
中国好茶,无糖茶,无糖绿茶,300ml无糖绿茶,300ml无糖绿茶*24瓶
中国好茶,无糖茶,无糖绿茶,500ml无糖绿茶,500ml无糖绿茶*12瓶
中国好茶,无糖茶,无糖绿茶,500ml无糖绿茶,500ml无糖绿茶*24瓶
中国好茶,无糖茶,无糖绿茶,680ml无糖绿茶,680ml无糖绿茶*8瓶
中国好茶,无糖茶,无糖绿茶,680ml无糖绿茶,680ml无糖绿茶*12瓶
中国好茶,无糖茶,无糖红茶,300ml无糖红茶,300ml无糖红茶*12瓶
中国好茶,无糖茶,无糖红茶,300ml无糖红茶,300ml无糖红茶*24瓶
中国好茶,无糖茶,无糖红茶,500ml无糖红茶,500ml无糖红茶*12瓶
中国好茶,无糖茶,无糖红茶,500ml无糖红茶,500ml无糖红茶*24瓶
中国好茶,无糖茶,无糖红茶,680ml无糖红茶,680ml无糖红茶*8瓶
中国好茶,无糖茶,无糖红茶,680ml无糖红茶,680ml无糖红茶*12瓶
Fabo咖啡,咖啡系列,拿铁咖啡,350ml拿铁咖啡,350ml拿铁咖啡*12瓶
Fabo咖啡,咖啡系列,拿铁咖啡,350ml拿铁咖啡,350ml拿铁咖啡*24瓶
Fabo咖啡,咖啡系列,拿铁咖啡,500ml拿铁咖啡,500ml拿铁咖啡*12瓶
Fabo咖啡,咖啡系列,拿铁咖啡,500ml拿铁咖啡,500ml拿铁咖啡*24瓶
Fabo咖啡,咖啡系列,美式咖啡,350ml美式咖啡,350ml美式咖啡*12瓶
Fabo咖啡,咖啡系列,美式咖啡,350ml美式咖啡,350ml美式咖啡*24瓶
Fabo咖啡,咖啡系列,美式咖啡,500ml美式咖啡,500ml美式咖啡*12瓶
Fabo咖啡,咖啡系列,美式咖啡,500ml美式咖啡,500ml美式咖啡*24瓶
Fabo咖啡,咖啡系列,卡布奇诺,350ml卡布奇诺,350ml卡布奇诺*12瓶
Fabo咖啡,咖啡系列,卡布奇诺,350ml卡布奇诺,350ml卡布奇诺*24瓶
Fabo咖啡,咖啡系列,卡布奇诺,500ml卡布奇诺,500ml卡布奇诺*12瓶
Fabo咖啡,咖啡系列,卡布奇诺,500ml卡布奇诺,500ml卡布奇诺*24瓶
Fabo咖啡,咖啡系列,纳瑞白,350ml纳瑞白,350ml纳瑞白*12瓶
Fabo咖啡,咖啡系列,纳瑞白,350ml纳瑞白,350ml纳瑞白*24瓶
Fabo咖啡,咖啡系列,纳瑞白,500ml纳瑞白,500ml纳瑞白*12瓶
Fabo咖啡,咖啡系列,纳瑞白,500ml纳瑞白,500ml纳瑞白*24瓶