营销大区,分公司,地级市
华东大区,上海,上海1区
华东大区,上海,上海2区
华东大区,上海,上海3区
华东大区,上海,上海4区
华东大区,上海,上海5区
华东大区,江苏,南京
华东大区,江苏,苏州
华东大区,江苏,无锡
华东大区,江苏,常州
华东大区,江苏,扬州
华东大区,浙江,杭州
华东大区,浙江,宁波
华东大区,浙江,温州
华东大区,浙江,嘉兴
华东大区,浙江,绍兴
华东大区,山东,济南
华东大区,山东,青岛
华东大区,山东,烟台
华东大区,山东,潍坊
华东大区,山东,淄博
华南大区,广东,广州
华南大区,广东,深圳
华南大区,广东,东莞
华南大区,广东,佛山
华南大区,广东,珠海
华南大区,广西,南宁
华南大区,广西,柳州
华南大区,广西,桂林
华南大区,广西,北海
华南大区,广西,梧州
华中大区,湖北,武汉
华中大区,湖北,黄石
华中大区,湖北,十堰
华中大区,湖北,宜昌
华中大区,湖北,襄阳
华中大区,湖南,长沙
华中大区,湖南,株洲
华中大区,湖南,湘潭
华中大区,湖南,衡阳
华中大区,湖南,邵阳
华北大区,北京,北京1区
华北大区,北京,北京2区
华北大区,北京,北京3区
华北大区,北京,北京4区
华北大区,北京,北京5区
华北大区,天津,天津1区
华北大区,天津,天津2区
华北大区,天津,天津3区
华北大区,天津,天津4区
华北大区,天津,天津5区
华北大区,河北,石家庄
华北大区,河北,唐山
华北大区,河北,秦皇岛
华北大区,河北,邯郸
华北大区,河北,邢台
西北大区,陕西,西安
西北大区,陕西,铜川
西北大区,陕西,宝鸡
西北大区,陕西,咸阳
西北大区,陕西,渭南
西北大区,甘肃,兰州
西北大区,甘肃,嘉峪关
西北大区,甘肃,金昌
西北大区,甘肃,白银
西北大区,甘肃,天水
西北大区,新疆,乌鲁木齐
西北大区,新疆,克拉玛依
西北大区,新疆,吐鲁番
西北大区,新疆,哈密
西北大区,新疆,昌吉
西南大区,四川,成都
西南大区,四川,自贡
西南大区,四川,攀枝花
西南大区,四川,泸州
西南大区,四川,德阳
西南大区,贵州,贵阳
西南大区,贵州,六盘水
西南大区,贵州,遵义
西南大区,贵州,安顺
西南大区,贵州,毕节
西南大区,重庆,重庆1区
西南大区,重庆,重庆2区
西南大区,重庆,重庆3区
西南大区,重庆,重庆4区
西南大区,重庆,重庆5区
东北大区,辽宁,沈阳
东北大区,辽宁,大连
东北大区,辽宁,鞍山
东北大区,辽宁,抚顺
东北大区,辽宁,本溪
东北大区,吉林,长春
东北大区,吉林,吉林
东北大区,吉林,四平
东北大区,吉林,辽源
东北大区,吉林,通化
东北大区,黑龙江,哈尔滨
东北大区,黑龙江,齐齐哈尔
东北大区,黑龙江,鸡西
东北大区,黑龙江,鹤岗
东北大区,黑龙江,双鸭山